{
  "0": {
    "precision": 0.9927276340870697,
    "recall": 0.9663563113519693,
    "f1-score": 0.9793644799008943,
    "support": 454855.0
  },
  "1": {
    "precision": 0.4715331435542904,
    "recall": 0.43163459032870494,
    "f1-score": 0.4507025829397703,
    "support": 26863.0
  },
  "2": {
    "precision": 0.35411020776874436,
    "recall": 0.6292134831460674,
    "f1-score": 0.4531791907514451,
    "support": 2492.0
  },
  "3": {
    "precision": 0.2407123707391804,
    "recall": 0.8615490061686086,
    "f1-score": 0.3762909744050292,
    "support": 1459.0
  },
  "4": {
    "precision": 0.6052288150339308,
    "recall": 0.9708324610983183,
    "f1-score": 0.745625552667542,
    "support": 14331.0
  },
  "5": {
    "precision": 0.0,
    "recall": 0.0,
    "f1-score": 0.0,
    "support": 0.0
  },
  "accuracy": 0.93577,
  "macro avg": {
    "precision": 0.444052028530536,
    "recall": 0.6432643086822781,
    "f1-score": 0.5008604634441135,
    "support": 500000.0
  },
  "weighted avg": {
    "precision": 0.9482421979457849,
    "recall": 0.93577,
    "f1-score": 0.9398798897222408,
    "support": 500000.0
  },
  "overall_accuracy": 0.93577,
  "macro_f1": 0.5008604634441135
}