{
  "0": {
    "precision": 0.9933679773239334,
    "recall": 0.9623608831308281,
    "f1-score": 0.9776186293114817,
    "support": 454474.0
  },
  "1": {
    "precision": 0.4454647170029708,
    "recall": 0.4265868617453632,
    "f1-score": 0.43582145890346324,
    "support": 27066.0
  },
  "2": {
    "precision": 0.35672645739910314,
    "recall": 0.6181041181041181,
    "f1-score": 0.4523741825419392,
    "support": 2574.0
  },
  "3": {
    "precision": 0.27925925925925926,
    "recall": 0.7914625612316305,
    "f1-score": 0.4128490600474539,
    "support": 1429.0
  },
  "4": {
    "precision": 0.5627496736937864,
    "recall": 0.9841599225288787,
    "f1-score": 0.7160543532964267,
    "support": 14457.0
  },
  "accuracy": 0.931728,
  "macro avg": {
    "precision": 0.5275136169358106,
    "recall": 0.7565348693481637,
    "f1-score": 0.598943536820153,
    "support": 500000.0
  },
  "weighted avg": {
    "precision": 0.9459396271442752,
    "recall": 0.931728,
    "f1-score": 0.9364091255653293,
    "support": 500000.0
  },
  "overall_accuracy": 0.931728,
  "macro_f1": 0.598943536820153
}